,track_name,artist(s)_name,release_date
0,Seven (feat. Latto) (Explicit Ver.),"Latto, Jung Kook",2023-07-14
1,LALA,Myke Towers,2023-03-23
2,vampire,Olivia Rodrigo,2023-06-30
3,Cruel Summer,Taylor Swift,2019-08-23
4,WHERE SHE GOES,Bad Bunny,2023-05-18
5,Sprinter,"Dave, Central Cee",2023-06-01
6,Ella Baila Sola,"Eslabon Armado, Peso Pluma",2023-03-16
7,Columbia,Quevedo,2023-07-07
8,fukumean,Gunna,2023-05-15
9,La Bebe - Remix,"Peso Pluma, Yng Lvcas",2023-03-17
10,un x100to,"Bad Bunny, Grupo Frontera",2023-04-17
11,Super Shy,NewJeans,2023-07-07
12,Flowers,Miley Cyrus,2023-01-12
13,Daylight,David Kushner,2023-04-14
14,As It Was,Harry Styles,2022-03-31
15,Kill Bill,SZA,2022-12-08
16,Cupid - Twin Ver.,Fifty Fifty,2023-02-24
17,"What Was I Made For? [From The Motion Picture ""Barbie""]",Billie Eilish,2023-07-13
18,Classy 101,"Feid, Young Miko",2023-03-31
19,Like Crazy,Jimin,2023-03-24
20,LADY GAGA,"Gabito Ballesteros, Junior H, Peso Pluma",2023-06-22
21,I Can See You (Taylor's Version) (From The Vault),Taylor Swift,2023-07-07
22,I Wanna Be Yours,Arctic Monkeys,2013-01-01
23,"Peso Pluma: Bzrp Music Sessions, Vol. 55","Bizarrap, Peso Pluma",2023-05-31
24,Popular (with Playboi Carti & Madonna) - The Idol Vol. 1 (Music from the HBO Original Series),"The Weeknd, Madonna, Playboi Carti",2023-06-02
25,SABOR FRESA,Fuerza Regida,2023-06-22
26,Calm Down (with Selena Gomez),"Rema, Selena Gomez",2022-03-25
27,MOJABI GHOST,"Tainy, Bad Bunny",2023-06-29
28,Last Night,Morgan Wallen,2023-01-31
29,Dance The Night (From Barbie The Album),Dua Lipa,2023-05-25
30,Rush,Troye Sivan,2023-07-13
31,TULUM,"Peso Pluma, Grupo Frontera",2023-06-28
32,Creepin',"The Weeknd, 21 Savage, Metro Boomin",2022-12-02
33,Anti-Hero,Taylor Swift,2022-10-21
34,TQG,"Karol G, Shakira",2023-02-23
35,Los del Espacio,"Big One, Duki, Lit Killah, Maria Becerra, FMK, Rusherking, Emilia, Tiago pzk",2023-06-01
36,Fragil,"Yahritza Y Su Esencia, Grupo Frontera",2023-04-07
37,Blank Space,Taylor Swift,2014-01-01
38,Style,Taylor Swift,2014-01-01
39,TQM,Fuerza Regida,2023-05-19
40,El Azul,"Junior H, Peso Pluma",2023-02-10
41,Sunflower - Spider-Man: Into the Spider-Verse,"Post Malone, Swae Lee",2018-10-09
42,I'm Good (Blue),"Bebe Rexha, David Guetta",2022-08-26
43,See You Again,"Tyler, The Creator, Kali Uchis",2017-07-21
44,Barbie World (with Aqua) [From Barbie The Album],"Nicki Minaj, Aqua, Ice Spice",2023-06-23
45,Angels Like You,Miley Cyrus,2020-11-27
46,I Ain't Worried,OneRepublic,2022-05-13
47,Die For You,The Weeknd,2016-11-24
48,Starboy,"The Weeknd, Daft Punk",2016-09-21
49,Die For You - Remix,"Ariana Grande, The Weeknd",2023-02-24
50,El Cielo,"Feid, Myke Towers, Sky Rompiendo",2023-06-02
51,Baby Don't Hurt Me,"David Guetta, Anne-Marie, Coi Leray",2023-04-06
52,AMARGURA,Karol G,2023-02-24
53,(It Goes Like) Nanana - Edit,Peggy Gou,2023-06-15
54,Another Love,Tom Odell,2012-10-15
55,Blinding Lights,The Weeknd,2019-11-29
56,Moonlight,Kali Uchis,2023-02-24
57,La Bachata,Manuel Turizo,2022-05-26
58,S91,Karol G,2023-07-14
59,cardigan,Taylor Swift,2020-07-24
60,Ta OK,"dennis, MC Kevin o Chris",2023-05-04
61,Boy's a liar Pt. 2,"PinkPantheress, Ice Spice",2023-02-03
62,Left and Right (Feat. Jung Kook of BTS),"Charlie Puth, BTS, Jung Kook",2022-06-24
63,BESO,"ROSALIA, Rauw Alejandro",2023-03-24
64,Hey Mor,"Ozuna, Feid",2022-10-06
65,Yellow,Chris Molitor,1999-01-01
66,Karma,Taylor Swift,2022-10-21
67,People,Libianca,2022-12-02
68,Overdrive,Post Malone,2023-07-14
69,Enchanted (Taylor's Version),Taylor Swift,2023-07-07
70,BABY HELLO,"Rauw Alejandro, Bizarrap",2023-06-23
71,Heat Waves,Glass Animals,2020-06-28
72,golden hour,JVKE,2022-07-15
73,Sweater Weather,The Neighbourhood,2012-05-14
74,"Quevedo: Bzrp Music Sessions, Vol. 52","Bizarrap, Quevedo",2022-07-06
75,Viva La Vida,Coldplay,2008-01-01
76,Here With Me,d4vd,2022-07-17
77,Unholy (feat. Kim Petras),"Sam Smith, Kim Petras",2022-09-22
78,Yandel 150,"Yandel, Feid",2022-12-20
79,CORAZON VACIO,Maria Becerra,2023-06-22
80,Riptide,Vance Joy,1975-01-01
81,Until I Found You (with Em Beihold) - Em Beihold Version,"Em Beihold, Stephen Sanchez",2022-04-22
82,Novidade na Area,"Mc Livinho, DJ Matt D",2023-06-23
83,Back To December (Taylor's Version),Taylor Swift,2023-07-07
84,STAY (with Justin Bieber),"Justin Bieber, The Kid Laroi",2021-07-09
85,El Merengue,"Marshmello, Manuel Turizo",2023-03-03
86,Someone You Loved,Lewis Capaldi,2018-11-08
87,Me Porto Bonito,"Chencho Corleone, Bad Bunny",2022-05-06
88,Makeba,Jain,2015-06-22
89,MONTAGEM - FR PUNK,"Ayparia, unxbected",2012-06-20
90,Fast Car,Luke Combs,2023-03-24
91,What It Is (Solo Version),Doechii,2023-03-17
92,Coco Chanel,"Bad Bunny, Eladio Carrion",2023-03-17
93,Don't Blame Me,Taylor Swift,2017-11-08
94,Still With You,Jung Kook,2020-06-05
95,All My Life (feat. J. Cole),"J. Cole, Lil Durk",2023-05-12
96,Say Yes To Heaven,Lana Del Rey,2023-03-17
97,Snooze,SZA,2022-12-09
98,Summertime Sadness,Lana Del Rey,2011-01-01
99,Take Two,BTS,2023-06-09
100,Lover,Taylor Swift,2012-01-01
101,Too Many Nights (feat. Don Toliver & with Future),"Future, Metro Boomin, Don Toliver",2022-12-02
102,Chemical,Post Malone,2023-04-14
103,Mockingbird,Eminem,2004-01-01
104,New Jeans,NewJeans,2023-07-07
105,Primera Cita,Carin Leon,2022-04-20
106,Cold Heart - PNAU Remix,"Dua Lipa, Elton John, Pnau",2017-11-10
107,Dandelions,Ruth B.,2017-04-28
108,Bones,Imagine Dragons,2021-03-11
109,Set Fire to the Rain,Adele,2011-01-01
110,Money Trees,"Kendrick Lamar, Jay Rock",2012-01-01
111,Tak Segampang Itu,Anggi Marito,2022-12-02
112,LAGUNAS,"Peso Pluma, Jasiel Nunez",2023-06-22
113,Mine (Taylor's Version),Taylor Swift,2023-07-07
114,Everybody Wants To Rule The World,Tears For Fears,1985-02-17
115,No Role Modelz,J. Cole,2014-12-09
116,Tattoo,Loreen,2023-02-25
117,Rara Vez,"Taiu, Milo j",2023-02-08
118,VAGABUNDO,"Sebastian Yatra, Manuel Turizo, Beele",2023-05-12
119,august,Taylor Swift,2020-07-24
120,LUNA,"Junior H, Peso Pluma",2023-06-22
121,Miracle (with Ellie Goulding),"Calvin Harris, Ellie Goulding",2023-03-10
122,Nonsense,Sabrina Carpenter,2022-07-15
123,Por las Noches,Peso Pluma,2021-06-11
124,Feliz Cumpleanos Ferxxo,Feid,2022-08-19
125,Can't Hold Us (feat. Ray Dalton),"Ray Dalton, Ryan Lewis, Macklemore",2011-08-16
126,Watermelon Sugar,Harry Styles,2019-11-17
127,lovely - Bonus Track,"Billie Eilish, Khalid",2017-08-11
128,"Rauw Alejandro: Bzrp Music Sessions, Vol. 56","Rauw Alejandro, Bizarrap",2023-06-21
129,Queencard,(G)I-DLE,2023-05-15
130,OMG,NewJeans,2023-01-02
131,Radio,Lana Del Rey,2011-01-01
132,"Shakira: Bzrp Music Sessions, Vol. 53","Shakira, Bizarrap",2023-01-11
133,505,Arctic Monkeys,2007-04-20
134,"Calling (Spider-Man: Across the Spider-Verse) (Metro Boomin & Swae Lee, NAV, feat. A Boogie Wit da Hoodie)","Swae Lee, A Boogie Wit da Hoodie, Metro Boomin, NAV",2023-06-02
135,Trance (with Travis Scott & Young Thug),"Travis Scott, Young Thug, Metro Boomin",2022-12-02
136,"Tere Vaaste (From ""Zara Hatke Zara Bachke"")","Sachin-Jigar, Shadab Faridi, Altamash Faridi, Amitabh Bhattacharya, Varun Jain",2023-05-22
137,Perfect,Ed Sheeran,2017-01-01
138,Romantic Homicide,d4vd,2022-07-20
139,Believer,Imagine Dragons,2017-01-31
140,Novo Balanco,"Veigh, Bvga Beatz, Supernova Ent, Prod Malax",2023-05-19
141,"Gol Bolinha, Gol Quadrado 2","Mc Pedrinho, DJ 900",2023-06-01
142,Without Me,Eminem,2002-01-01
143,QUEMA,"Sog, Ryan Castro, Peso Pluma",2023-07-13
144,Stargirl Interlude,"The Weeknd, Lana Del Rey",2016-11-24
145,Ojitos Lindos,"Bad Bunny, Bomba Estereo",2022-05-06
146,Somewhere Only We Know,Keane,2004-01-01
147,Those Eyes,New West,2019-05-10
148,El Gordo Trae El Mando,Chino Pacas,2023-01-27
149,Mi Bello Angel,Natanael Cano,2023-06-30
150,Bye,Peso Pluma,2023-05-26
151,Danza Kuduro,"Don Omar, Lucenzo",2010-01-01
152,Nosso Quadro,"Ana Castela, AgroPlay",2023-02-02
153,Locked Out Of Heaven,Bruno Mars,2012-12-05
154,Un Finde | CROSSOVER #2,"Big One, FMK, Ke personajes",2023-04-04
155,Jimmy Cooks (feat. 21 Savage),"Drake, 21 Savage",2022-06-17
156,Counting Stars,OneRepublic,2013-01-01
157,Ghost,Justin Bieber,2021-03-19
158,Under The Influence,Chris Brown,2019-10-04
159,PRC,"Natanael Cano, Peso Pluma",2023-01-23
160,Gasolina,Daddy Yankee,2004-07-13
161,One Dance,"Drake, WizKid, Kyla",2016-04-04
162,Enchanted,Taylor Swift,2010-01-01
163,Save Your Tears,The Weeknd,2020-03-20
164,Sure Thing,Miguel,2010-05-25
165,Every Breath You Take - Remastered 2003,The Police,1983-01-06
166,The Night We Met,Lord Huron,2015-02-02
167,We Found Love,"Rihanna, Calvin Harris",2011-01-01
168,When I Was Your Man,Bruno Mars,2012-12-05
169,Let Me Down Slowly,Alec Benjamin,2018-05-25
170,"Am I Dreaming (Metro Boomin & A$AP Rocky, Roisee)","A$AP Rocky, Metro Boomin, Roisee",2023-06-02
171,Do I Wanna Know?,Arctic Monkeys,2013-01-01
172,Demons,Imagine Dragons,2012-01-01
173,ýýýýýýýýýýýý,YOASOBI,2023-04-12
174,Reminder,The Weeknd,2016-11-25
175,Shake It Off,Taylor Swift,2014-01-01
176,Why'd You Only Call Me When You're High?,Arctic Monkeys,2013-01-01
177,SNAP,Rosa Linn,2022-03-19
178,Shape of You,Ed Sheeran,2017-01-06
179,Night Changes,One Direction,2014-11-17
180,Fin de Semana,"Oscar Maydon, Junior H",2023-01-13
181,Creep,Radiohead,1992-09-21
182,Car's Outside,James Arthur,2019-10-18
183,Apocalypse,Cigarettes After Sex,2017-03-21
184,Cheques,Shubh,2023-05-19
185,Pink + White,Frank Ocean,2016-08-20
186,Circles,Post Malone,2019-08-30
187,Just The Way You Are,Bruno Mars,2010-01-01
188,Take Me To Church,Hozier,2013-09-13
189,Bebe Dame,"Fuerza Regida, Grupo Frontera",2022-12-16
190,You Belong With Me (Taylor's Version),Taylor Swift,2021-04-09
191,Titi Me Pregunto,Bad Bunny,2022-05-06
192,Better Than Revenge (Taylor's Version),Taylor Swift,2023-07-07
193,Shut up My Moms Calling,Hotel Ugly,2020-02-10
194,Have You Ever Seen The Rain?,Creedence Clearwater Revival,1968-07-01
195,Es un Secreto,Plan B,2010-07-20
196,POLARIS - Remix,"Feid, Mora, Saiko, Quevedo",2023-06-08
197,Ditto,NewJeans,2022-12-19
198,Take On Me,a-ha,1984-10-19
199,"Annihilate (Spider-Man: Across the Spider-Verse) (Metro Boomin & Swae Lee, Lil Wayne, Offset)","Swae Lee, Lil Wayne, Offset, Metro Boomin",2023-06-02
200,"Angel Pt 1 (feat. Jimin of BTS, JVKE & Muni Long)","Kodak Black, NLE Choppa, Muni Long, JVKE, Jimin",2023-05-01
201,Acrostico,Shakira,2023-05-11
202,AMG,"Natanael Cano, Gabito Ballesteros, Peso Pluma",2022-11-24
203,"Phir Aur Kya Chahiye (From ""Zara Hatke Zara Bachke"")","Arijit Singh, Sachin-Jigar, Amitabha Bhattacharya",2023-05-15
204,S-Class,Stray Kids,2023-06-02
205,Hits Different,Taylor Swift,2023-05-26
206,Chanel,"Becky G, Peso Pluma",2023-03-30
207,Self Love (Spider-Man: Across the Spider-Verse) (Metro Boomin & Coi Leray),"Metro Boomin, Coi Leray",2023-06-02
208,Area Codes,"Kaliii, Kaliii",2023-03-17
209,Abcdario,"Eden Munoz, Junior H",2023-05-13
210,Obsessed,"Abhijay Sharma, Riar Saab",2022-09-29
211,Pisman Degilim,"Semicenk, Dogu Swag",2023-06-02
212,FLOWER,JISOO,2023-03-31
213,"All The Way Live (Spider-Man: Across the Spider-Verse) (Metro Boomin & Future, Lil Uzi Vert)","Future, Lil Uzi Vert, Metro Boomin",2023-06-02
214,Eyes Closed,Ed Sheeran,2023-03-23
215,Escapism.,"RAYE, 070 Shake",2022-10-12
216,La Jumpa,"Arcangel, Bad Bunny",2022-11-30
217,Karma (feat. Ice Spice),"Taylor Swift, Ice Spice",2023-05-26
218,Superhero (Heroes & Villains) [with Future & Chris Brown],"Future, Chris Brown, Metro Boomin",2022-12-02
219,Las Morras,"BLESSD, Peso Pluma",2023-04-04
220,CHORRITO PA LAS ANIMAS,Feid,2022-12-02
221,Ch y la Pizza,"Fuerza Regida, Natanael Cano",2022-12-01
222,Snow On The Beach (feat. More Lana Del Rey),"Lana Del Rey, Taylor Swift",2023-05-26
223,Players,Coi Leray,2022-11-30
224,Bite Me,ENHYPEN,2023-05-22
225,Stand By Me (feat. Morgan Wallen),"Lil Durk, Morgan Wallen",2023-05-26
226,Normal,Feid,2022-07-08
227,Hummingbird (Metro Boomin & James Blake),"James Blake, Metro Boomin",2023-06-02
228,Seu Brilho Sumiu - Ao Vivo,"Israel & Rodolffo, Mari Fernandez",2023-03-01
229,Bad Habit,Steve Lacy,2022-06-29
230,CUFF IT,Beyonce,2022-07-29
231,Lilith (feat. SUGA of BTS) (Diablo IV Anthem),"Halsey, Suga",2023-06-05
232,69,"Nicky Jam, Feid",2023-05-18
233,Nina Bonita,"Sean Paul, Feid",2023-04-21
234,Search & Rescue,Drake,2023-04-07
235,AMERICA HAS A PROBLEM (feat. Kendrick Lamar),"Beyonce, Kendrick Lamar",2023-05-19
236,Lavender Haze,Taylor Swift,2022-10-21
237,"Link Up (Metro Boomin & Don Toliver, Wizkid feat. BEAM & Toian) - Spider-Verse Remix (Spider-Man: Across the Spider-Verse )","WizKid, Toian, Metro Boomin, Don Toliver, Beam",2023-06-02
238,Efecto,Bad Bunny,2022-05-06
239,Erro Gostoso - Ao Vivo,Simone Mendes,2023-01-27
240,Cupido,Tini,2023-02-14
241,Just Wanna Rock,Lil Uzi Vert,2022-10-17
242,Unstoppable,Sia,2016-01-21
243,Until I Found You,Stephen Sanchez,2021-09-01
244,Rich Flex,"Drake, 21 Savage",2022-11-04
245,Easy On Me,Adele,2021-10-14
246,Cartao Black,"MC Caverinha, KayBlack, Wall Hein",2023-05-11
247,Danger (Spider) (Offset & JID),"Offset, JID",2023-06-02
248,Oi Balde - Ao Vivo,Ze Neto & Cristiano,2023-02-14
249,The Real Slim Shady,Eminem,2000-01-01
250,MERCHO,"Migrantes, LiL CaKe, Nico Valdi",2022-12-16
251,The Color Violet,Tory Lanez,2021-12-10
252,Glimpse of Us,Joji,2022-06-10
253,Mejor Que Yo,"Mambo Kingz, DJ Luian, Anuel Aa",2023-05-04
254,Curtains,Ed Sheeran,2023-05-05
255,UNFORGIVEN (feat. Nile Rodgers),"Nile Rodgers, LE SSERAFIM",2023-05-01
256,Haegeum,Agust D,2023-04-21
257,Conexoes de Mafia (feat. Rich The Kid),"Matue, Rich The Kid",2023-04-30
258,MIENTRAS ME CURO DEL CORA,Karol G,2023-02-24
259,Never Felt So Alone,Labrinth,2023-04-07
260,X SI VOLVEMOS,"Karol G, Romeo Santos",2023-02-02
261,ceilings,Lizzy McAlpine,2022-04-08
262,Cupid,Fifty Fifty,2023-02-24
263,I AM,IVE,2023-04-10
264,Cupid - Twin Ver. (FIFTY FIFTY) - Sped Up Version,sped up 8282,2023-04-08
265,Shorty Party,"Cartel De Santa, La Kelly",2023-03-04
266,Super,SEVENTEEN,2023-04-24
267,Slut Me Out,NLE Choppa,2022-04-22
268,Double Fantasy (with Future),"The Weeknd, Future",2023-04-21
269,All Of The Girls You Loved Before,Taylor Swift,2019-08-23
270,PROVENZA,Karol G,2022-04-21
271,Princess Diana (with Nicki Minaj),"Nicki Minaj, Ice Spice",2023-04-14
272,Di Que Si,"Grupo Marca Registrada, Grupo Frontera",2023-02-03
273,Shivers,Ed Sheeran,2021-09-09
274,Igualito a Mi Apa,"Fuerza Regida, Peso Pluma",2022-12-30
275,Shoong! (feat. LISA of BLACKPINK),"TAEYANG, Lisa",2023-04-25
276,Komang,Raim Laode,2022-08-16
277,DESPECHA,ROSALIA,2022-07-28
278,Made You Look,Meghan Trainor,2022-10-21
279,Watch This - ARIZONATEARS Pluggnb Remix,"sped up nightcore, ARIZONATEARS, Lil Uzi Vert",2023-02-05
280,No Se Va,Grupo Frontera,2022-04-28
281,Punto G,Quevedo,2022-11-04
282,Lovers Rock,TV Girl,2014-06-05
283,METAMORPHOSIS,INTERWORLD,2021-11-25
284,Mami Chula,"Quevedo, Jhayco",2023-04-27
285,En Paris,"El Chachito, Junior H",2022-12-24
286,Set Me Free Pt.2,Jimin,2023-03-17
287,I Was Never There,"The Weeknd, Gesaffelstein",2018-03-29
288,Don't ever say love me (feat. RM of BTS),"RM, Colde",2023-05-04
289,Shut Down,BLACKPINK,2022-09-16
290,Gato de Noche,"Nengo Flow, Bad Bunny",2022-12-22
291,Call Out My Name,The Weeknd,2018-03-29
292,Like Crazy (English Version),Jimin,2023-03-24
293,Rosa Pastel,"Peso Pluma, Jasiel Nunez",2023-02-02
294,Sunroof,"Nicky Youre, Dazy",2021-12-03
295,Lose Yourself - Soundtrack Version,Eminem,2002-01-01
296,Superman,"Eminem, Dina Rae",2002-05-26
297,Mas Rica Que Ayer,"Mambo Kingz, DJ Luian, Anuel Aa",2023-03-02
298,People Pt.2 (feat. IU),"IU, Agust D",2023-04-07
299,REMIX EXCLUSIVO,Feid,2023-03-17
300,"Arcangel: Bzrp Music Sessions, Vol. 54","Arcangel, Bizarrap",2023-03-22
301,DOGTOOTH,"Tyler, The Creator",2023-03-27
302,10:35,"Tiesto, Tate McRae",2022-11-01
303,SORRY NOT SORRY,"Tyler, The Creator",2023-03-31
304,HAPPY,NF,2023-03-25
305,La Bebe,Yng Lvcas,2021-12-24
306,I Know - PR1SVX Edit,"Kanii, PR1ISVX",2023-03-24
307,Late Night Talking,Harry Styles,2022-05-20
308,Leao,Marilia Mendonca,2022-12-09
309,Save Your Tears (with Ariana Grande) (Remix),"Ariana Grande, The Weeknd",2020-03-20
310,Something in the Orange,Zach Bryan,2022-04-22
311,VOID,Melanie Martinez,2023-03-29
312,Dijeron Que No La Iba Lograr,"Fuerza Regida, Chino Pacas",2023-03-14
313,Midnight Rain,Taylor Swift,2022-10-21
314,If We Ever Broke Up,Mae Stephens,2023-02-10
315,You Proof,Morgan Wallen,2022-05-13
316,LA INOCENTE,"Feid, Mora",2022-04-01
317,Malas Decisiones,Kenia OS,2022-10-26
318,Murder In My Mind,Kordhell,2022-01-21
319,Gangsta's Paradise,"Coolio, L.V.",1995-07-11
320,CAIRO,"Karol G, Ovy On The Drums",2022-11-13
321,I Love You So,The Walters,2014-11-28
322,Dark Red,Steve Lacy,2017-02-20
323,Say You Won't Let Go,James Arthur,2016-09-09
324,The Hills,The Weeknd,2015-05-27
325,Heart To Heart,Mac DeMarco,2019-05-10
326,Peaches (from The Super Mario Bros. Movie),Jack Black,2023-04-07
327,Marisola - Remix,"Duki, NICKI NICOLE, Cris Mj, Standly, Stars Music Chile",2022-12-15
328,LOKERA,"Brray, Rauw Alejandro, Lyanno",2022-07-25
329,Low,SZA,2022-12-09
330,Numb,Linkin Park,2003-03-24
331,Tormenta (feat. Bad Bunny),"Gorillaz, Bad Bunny",2023-02-24
332,on the street (with J. Cole),"j-hope, J. Cole",2023-03-03
333,One Thing At A Time,Morgan Wallen,2022-12-02
334,Miss You,"Robin Schulz, Oliver Tree",2022-08-05
335,Ain't That Some,Morgan Wallen,2023-03-03
336,Thinkin' Bout Me,Morgan Wallen,2023-03-03
337,Private Landing (feat. Justin Bieber & Future),"Don Toliver, Future, Justin Bieber",2023-02-23
338,Everything I Love,Morgan Wallen,2023-01-31
339,Heaven,Niall Horan,2023-02-17
340,LET GO,Central Cee,2022-12-15
341,Sial,Mahalini,2023-01-23
342,I Wrote The Book,Morgan Wallen,2023-01-31
343,"Apna Bana Le (From ""Bhediya"")","Arijit Singh, Sachin-Jigar",2022-11-05
344,SPIT IN MY FACE!,ThxSoMch,2022-10-31
345,PLAYA DEL INGLES,"Myke Towers, Quevedo",2022-12-15
346,Man Made A Bar (feat. Eric Church),"Morgan Wallen, Eric Church",2023-03-03
347,Red Ruby Da Sleeze,Nicki Minaj,2023-03-03
348,Kahani Suno 2.0,Kaifi Khalil,2022-05-31
349,Nobody Gets Me,SZA,2022-12-09
350,PERO TU,"Karol G, Quevedo",2023-02-23
351,Hype Boy,NewJeans,2022-08-01
352,Bloody Mary,Lady Gaga,2011-01-01
353,Monotonia,"Ozuna, Shakira",2022-10-19
354,ýýý98 Braves,Morgan Wallen,2023-03-03
355,WANDA,Quevedo,2023-01-20
356,Thought You Should Know,Morgan Wallen,2022-05-06
357,In The End,Linkin Park,2000-10-24
358,Zona De Perigo,Leo Santana,2022-12-08
359,Lovezinho,Treyce,2022-07-28
360,I Like You (A Happier Song) (with Doja Cat),"Post Malone, Doja Cat",2022-06-03
361,Neverita,Bad Bunny,2022-05-06
362,Vista Al Mar,Quevedo,2022-09-08
363,Sem Alianca no Dedo,"MC Xenon, Os Gemeos da Putaria",2022-12-23
364,Enemy (with JID) - from the series Arcane League of Legends,"Imagine Dragons, League of Legends, JID, Arcane",2021-09-03
365,Revenge,XXXTENTACION,2017-08-25
366,Bombonzinho - Ao Vivo,"Israel & Rodolffo, Ana Castela",2022-11-03
367,LA CANCION,"J Balvin, Bad Bunny",2019-06-28
368,Que Agonia,"Yuridia, Angela Aguilar",2022-10-20
369,Love Again,The Kid Laroi,2023-01-27
370,After Hours,The Weeknd,2020-02-19
371,Born With A Beer In My Hand,Morgan Wallen,2023-03-03
372,ýýýýýýýýýýýýýýýýýýýýý,Fujii Kaze,2020-05-20
373,Besos Moja2,"Wisin & Yandel, ROSALIA",2022-09-29
374,Maan Meri Jaan,King,2022-10-12
375,Moscow Mule,Bad Bunny,2022-05-06
376,My Universe,"Coldplay, BTS",2021-09-24
377,Devil Don't Know,Morgan Wallen,2023-03-03
378,LLYLM,ROSALIA,2023-01-27
379,I'm Not Here To Make Friends,"Sam Smith, Calvin Harris, Jessie Reyez",2023-01-27
380,TRUSTFALL,P!nk,2023-01-27
381,ANTIFRAGILE,LE SSERAFIM,2022-10-17
382,Boy's a liar,PinkPantheress,2022-11-30
383,VIBE (feat. Jimin of BTS),"TAEYANG, Jimin",2023-01-13
384,Shirt,SZA,2022-10-28
385,Lift Me Up - From Black Panther: Wakanda Forever - Music From and Inspired By,Rihanna,2022-10-28
386,STAR WALKIN' (League of Legends Worlds Anthem),Lil Nas X,2022-09-22
387,"Sex, Drugs, Etc.",Beach Weather,2016-11-04
388,Boy With Luv (feat. Halsey),"Halsey, BTS",2019-04-12
389,"Hey, Mickey!",Baby Tate,2016-09-27
390,Calm Down,Rema,2022-02-09
391,Jhoome Jo Pathaan,"Arijit Singh, Vishal Dadlani, Sukriti Kakar, Vishal-Shekhar, Shekhar Ravjiani, Kumaar",2022-12-22
392,Space Song,Beach House,2015-01-01
393,Dreamers [Music from the FIFA World Cup Qatar 2022 Official Soundtrack],"BTS, Jung Kook, FIFA Sound",2022-11-20
394,Te Felicito,"Shakira, Rauw Alejandro",2022-04-21
395,Munecas,"Steve Aoki, Tini, La Joaqui",2023-01-12
396,TV,Billie Eilish,2022-07-21
397,I'm Not The Only One,Sam Smith,2014-01-01
398,Heather,Conan Gray,2020-03-20
399,"Besharam Rang (From ""Pathaan"")","Vishal-Shekhar, Shilpa Rao, Caralisa Monteiro, Kumaar, Vishal Dadlani, Shekhar Ravjiani",2022-12-12
400,One Kiss (with Dua Lipa),"Calvin Harris, Dua Lipa",2017-06-02
401,Sugar Rush Ride,TOMORROW X TOGETHER,2023-01-27
402,Pink Venom,BLACKPINK,2022-08-19
403,WAIT FOR U (feat. Drake & Tems),"Drake, Future, Tems",2022-04-27
404,Don't Start Now,Dua Lipa,2019-10-31
405,After Dark,Mr.Kitty,2014-08-08
406,Eu Gosto Assim - Ao Vivo,"Gustavo Mioto, Mari Fernandez",2022-09-16
407,INDUSTRY BABY (feat. Jack Harlow),"Jack Harlow, Lil Nas X",2021-07-23
408,MIDDLE OF THE NIGHT,Elley Duhe,2020-01-10
409,Atlantis,Seafret,2015-04-22
410,PUNTO 40,"Baby Rasta, Rauw Alejandro",2022-09-22
411,Evoque Prata,"DJ Escobar, MC MENOR SG, MC MENOR HR",2022-09-09
412,How Do I Say Goodbye,Dean Lewis,2022-08-05
413,Blind,SZA,2022-12-09
414,Die For You,Joji,2022-11-04
415,Doja,Central Cee,2022-07-20
416,Gatita,Bellakath,2022-10-03
417,Rumble,"Skrillex, Flowdan, Fred again..",2022-01-17
418,Niagara Falls (Foot or 2) [with Travis Scott & 21 Savage],"Travis Scott, 21 Savage, Metro Boomin",2022-12-02
419,Yonaguni,Bad Bunny,2021-06-04
420,Super Freaky Girl,Nicki Minaj,2022-08-12
421,Running Up That Hill (A Deal With God),Kate Bush,1985-09-16
422,Dream On,Aerosmith,1973-01-05
423,Limbo,Freddie Dredd,2022-08-11
424,Where Are You Now,"Lost Frequencies, Calum Scott",2021-07-30
425,WORTH NOTHING,"Twisted, Oliver Tree",2022-09-28
426,Bad Habits,Ed Sheeran,2020-09-03
427,KICK BACK,Kenshi Yonezu,2022-10-12
428,Evergreen (You Didn't Deserve Me At All),Omar Apollo,2022-04-08
429,Good Days,SZA,2020-12-24
430,Levitating (feat. DaBaby),"Dua Lipa, DaBaby",2020-03-27
431,Woman,Doja Cat,2021-06-25
432,Shut up My Moms Calling - (Sped Up),Hotel Ugly,2022-09-14
433,Ferrari,"James Hype, Miggy Dela Rosa",2022-03-14
434,"You're On Your Own, Kid",Taylor Swift,2022-10-21
435,"Kesariya (From ""Brahmastra"")","Pritam, Arijit Singh, Amitabh Bhattacharya",2022-07-17
436,Payphone,"Maroon 5, Wiz Khalifa",2012-01-01
437,All I Want for Christmas Is You,Mariah Carey,1994-10-28
438,Last Christmas,Wham!,1984-01-01
439,Rockin' Around The Christmas Tree,Brenda Lee,1958-01-01
440,Jingle Bell Rock,Bobby Helms,1957-01-01
441,It's Beginning To Look A Lot Like Christmas,Michael Buble,2011-10-14
442,Santa Tell Me,Ariana Grande,2013-12-13
443,It's the Most Wonderful Time of the Year,Andy Williams,1963-10-14
444,Let It Snow! Let It Snow! Let It Snow!,Dean Martin,1959-11-16
445,Snowman,Sia,2017-01-01
446,Underneath the Tree,Kelly Clarkson,2013-10-25
447,Feliz Navidad,Jose Feliciano,1970-11-01
448,Holly Jolly Christmas,Michael Buble,2011-10-14
449,Mistletoe,Justin Bieber,2011-01-01
450,Sleigh Ride,The Ronettes,1963-11-22
451,Seek & Destroy,SZA,2022-12-09
452,Love Language,SZA,2022-12-09
453,Happy Xmas (War Is Over),"John Lennon, The Harlem Community Choir, The Plastic Ono Band, Yoko Ono",1971-12-01
454,Used (feat. Don Toliver),"SZA, Don Toliver",2022-12-08
455,A Holly Jolly Christmas - Single Version,Burl Ives,1952-01-01
456,The Christmas Song (Merry Christmas To You) - Remastered 1999,Nat King Cole,1946-11-01
457,Wonderful Christmastime - Edited Version / Remastered 2011,Paul McCartney,1979-11-16
458,Do They Know It's Christmas? - 1984 Version,Band Aid,1984-11-25
459,Ghost in the Machine (feat. Phoebe Bridgers),"SZA, Phoebe Bridgers",2022-12-09
460,Special,SZA,2022-12-09
461,Merry Christmas Everyone,Shakin' Stevens,1984-01-01
462,Let It Snow! Let It Snow! Let It Snow!,"Frank Sinatra, B. Swanson Quartet",1950-01-01
463,SOS,SZA,2022-12-09
464,Open Arms (feat. Travis Scott),"SZA, Travis Scott",2022-12-08
465,White Christmas,"Bing Crosby, John Scott Trotter & His Orchestra, Ken Darby Singers",1942-01-01
466,Driving Home for Christmas - 2019 Remaster,Chris Rea,1986-01-01
467,Christmas (Baby Please Come Home),Darlene Love,1963-11-22
468,Gone Girl,SZA,2022-12-09
469,F2F,SZA,2022-12-09
470,Notice Me,SZA,2022-12-09
471,Merry Christmas,"Ed Sheeran, Elton John",2017-11-10
472,It's Beginning to Look a Lot Like Christmas (with Mitchell Ayres & His Orchestra),"Perry Como, The Fontane Sisters, Mitchell Ayres & His Orchestra",1958-01-01
473,My Only Wish (This Year),Britney Spears,2000-11-07
474,Antidepresan,"Mabel Matiz, Mert Demir",2022-11-04
475,Wild Flower (with youjeen),RM,2022-12-02
476,I Hate U,SZA,2021-12-03
477,Raindrops (Insane) [with Travis Scott],"Travis Scott, Metro Boomin",2022-12-02
478,Deck The Hall - Remastered 1999,Nat King Cole,1959-01-01
479,Smoking on my Ex Pack,SZA,2022-12-09
480,Conceited,SZA,2022-12-09
481,Snow On The Beach (feat. Lana Del Rey),"Taylor Swift, Lana Del Rey",2022-10-21
482,Maroon,Taylor Swift,2022-10-21
483,Tubarao Te Amo,"Dj LK da Escocia, Tchakabum, MC Ryan SP, mc jhenny, Mc RF",2022-09-28
484,Bejeweled,Taylor Swift,2022-10-21
485,Tarot,"Bad Bunny, Jhay Cortez",2022-05-06
486,You Make It Feel Like Christmas (feat. Blake Shelton),"Gwen Stefani, Blake Shelton",2005-09-20
487,Desesperados,"Chencho Corleone, Rauw Alejandro",2021-06-25
488,Too Late,SZA,2022-12-08
489,Party,"Bad Bunny, Rauw Alejandro",2022-05-06
490,Run Rudolph Run - Single Version,Chuck Berry,1958-01-01
491,Jingle Bells - Remastered 1999,Frank Sinatra,1957-01-01
492,Far,SZA,2022-12-09
493,On Time (with John Legend),"John Legend, Metro Boomin",2022-12-02
494,GATUBELA,"Maldy, Karol G",2022-08-25
495,ýýýabcdefu,Gayle,2021-08-13
496,Sacrifice,The Weeknd,2022-01-07
497,Is There Someone Else?,The Weeknd,2022-01-07
498,Fingers Crossed,"Lauren Spencer Smith, Lauren Spencer Smith, Lauren Spencer Smith",2022-01-05
499,Out of Time,The Weeknd,2022-01-07
500,Do It To It,"Cherish, ACRAZE",2021-08-20
501,We Don't Talk About Bruno,"Adassa, Mauro Castillo, Stephanie Beatriz, Encanto - Cast, Rhenzy Feliz, Diane Guerrero, Carolina Gaitan",2021-11-19
502,Pepas,Farruko,2021-06-24
503,How Do I Make You Love Me?,The Weeknd,2022-01-07
504,Gasoline,The Weeknd,2022-01-07
505,Infinity,Jaymes Young,2017-06-23
506,Less Than Zero,The Weeknd,2022-01-07
507,good 4 u,Olivia Rodrigo,2021-05-14
508,"Here We Go... Again (feat. Tyler, the Creator)","The Weeknd, Tyler, The Creator",2022-01-07
509,Best Friends,The Weeknd,2022-01-07
510,Kiss Me More (feat. SZA),"SZA, Doja Cat",2021-04-09
511,I Heard You're Married (feat. Lil Wayne),"The Weeknd, Lil Wayne",2022-01-07
512,Need To Know,Doja Cat,2021-06-11
513,MONTERO (Call Me By Your Name),Lil Nas X,2020-09-18
514,love nwantiti (ah ah ah),Ckay,2019-07-26
515,Dawn FM,The Weeknd,2022-01-07
516,Surface Pressure,Jessica Darrow,2021-11-19
517,Starry Eyes,The Weeknd,2022-01-07
518,THATS WHAT I WANT,Lil Nas X,2021-09-17
519,One Right Now (with The Weeknd),"The Weeknd, Post Malone",2021-11-05
520,Beggin,Maneskin,2017-12-08
521,Mon Amour - Remix,"Aitana, zzoilo",2020-09-21
522,Lo Siento BB:/ (with Bad Bunny & Julieta Venegas),"Julieta Venegas, Bad Bunny, Tainy",2021-10-05
523,MONEY,Lisa,2021-09-10
524,The Motto,"Tiesto, Ava Max",2021-11-04
525,Happier Than Ever,Billie Eilish,2021-07-30
526,Moth To A Flame (with The Weeknd),"The Weeknd, Swedish House Mafia",2021-10-22
527,traitor,"Juan Cruz Toledo, Huilen Toledo",2021-05-21
528,Toxic,BoyWithUke,2021-09-10
529,drivers license,Olivia Rodrigo,2021-01-08
530,Malvadao 3,"Xama, Gustah, Neo Beats, Bagua Records",2021-11-30
531,All Too Well (10 Minute Version) (Taylor's Version) (From The Vault),Taylor Swift,2021-11-12
532,Don't Break My Heart,The Weeknd,2022-01-07
533,Oh My God,Adele,2021-11-19
534,Entre Nosotros (Remix) [con Nicki Nicole],"Lit Killah, Maria Becerra, Tiago pzk, NICKI NICOLE",2022-01-05
535,A Tale By Quincy,The Weeknd,2022-01-07
536,I AM WOMAN,Emmy Meli,2021-11-18
537,Medallo,"Blessd, Justin Quiles, Lenny Tavarez",2021-10-27
538,It'll Be Okay,Shawn Mendes,2021-12-01
539,Softcore,The Neighbourhood,2018-03-09
540,Super Gremlin,Kodak Black,2021-10-30
541,Volvi,"Aventura, Bad Bunny",2021-08-03
542,Todo De Ti,Rauw Alejandro,2020-11-02
543,Love Nwantiti - Remix,"Ckay, AX'EL, Dj Yo!",2019-08-30
544,Smokin Out The Window,"Bruno Mars, Anderson .Paak, Silk Sonic",2021-11-05
545,Meet Me At Our Spot,"THE ANXIETY, Willow, Tyler Cole",2020-03-13
546,Every Angel is Terrifying,The Weeknd,2022-01-07
547,Tacones Rojos,Sebastian Yatra,2021-10-22
548,Peaches (feat. Daniel Caesar & Giveon),"Justin Bieber, Daniel Caesar, Giveon",2021-03-19
549,Dakiti,"Bad Bunny, Jhay Cortez",2020-10-30
550,"Tiago PZK: Bzrp Music Sessions, Vol. 48","Bizarrap, Tiago pzk",2021-12-29
551,L'enfer,Stromae,2022-01-09
552,Nostalgico,"Chris Brown, Rvssian, Rauw Alejandro",2021-09-08
553,Better Days (NEIKED x Mae Muller x Polo G),"NEIKED, Mae Muller, Polo G",2021-09-24
554,Life Goes On,Oliver Tree,2020-07-17
555,Sad Girlz Luv Money Remix (feat. Kali Uchis),"Kali Uchis, Amaarae, Moliy",2021-09-16
556,Butter,BTS,2021-05-21
557,pushin P (feat. Young Thug),"Young Thug, Future, Gunna",2022-01-07
558,You Right,"Doja Cat, The Weeknd",2021-06-24
559,deja vu,Olivia Rodrigo,2021-04-01
560,Dynamite,BTS,2020-08-21
561,TO THE MOON,Jnr Choi,2021-11-05
562,Lost in the Fire,"The Weeknd, Gesaffelstein",2019-01-11
563,Salimo de Noche,"Trueno, Tiago pzk",2021-10-21
564,Volando - Remix,"Sech, Bad Bunny, Mora",2021-07-08
565,Leave The Door Open,"Bruno Mars, Anderson .Paak, Silk Sonic",2021-03-05
566,Knife Talk (with 21 Savage ft. Project Pat),"Drake, Project Pat, 21 Savage",2021-09-03
567,Don't Be Shy,"Tiesto, KAROL G",2021-08-01
568,LA FAMA,"ROSALIA, The Weeknd",2021-11-11
569,The Family Madrigal,"Olga Merediz, Stephanie Beatriz, Encanto - Cast",2021-11-19
570,Phantom Regret by Jim,The Weeknd,2022-01-07
571,Dos Oruguitas,Sebastian Yatra,2021-11-19
572,Freaks,Surf Curse,2015-05-10
573,Acapulco,Jason Derulo,2021-09-01
574,Daddy Issues,The Neighbourhood,2015-10-30
575,thought i was playing,"21 Savage, Gunna",2022-01-07
576,ELEVEN,IVE,2021-12-01
577,Mood (feat. Iann Dior),"24kgoldn, Iann Dior",2020-07-24
578,What Else Can I Do?,"Stephanie Beatriz, Diane Guerrero",2021-11-19
579,DANCE CRIP,Trueno,2021-11-17
580,Miserable Man,David Kushner,2022-01-07
581,happier,Olivia Rodrigo,2021-05-21
582,Praise God,Kanye West,2021-08-29
583,Get Into It (Yuh),Doja Cat,2021-06-25
584,Before You Go,Lewis Capaldi,2019-11-01
585,Sky,Playboi Carti,2020-12-25
586,Rolling in the Deep,Adele,2010-11-29
587,Sobrio,Maluma,2021-07-08
588,Peru,"Ed Sheeran, Fireboy DML",2021-12-23
589,favorite crime,Olivia Rodrigo,2021-05-21
590,Thunder,"Prezioso, Gabry Ponte, LUM!X",2021-05-07
591,The Business,Tiesto,2020-01-01
592,positions,Ariana Grande,2020-10-23
593,I WANNA BE YOUR SLAVE,Maneskin,2021-03-19
594,Vai La Em Casa Hoje,"George Henrique & Rodrigo, Marilia Mendonca",2021-10-22
595,The Feels,TWICE,2021-10-01
596,HEARTBREAK ANNIVERSARY,Giveon,2020-02-21
597,No Lie,"Sean Paul, Dua Lipa",2016-11-18
598,OUT OUT (feat. Charli XCX & Saweetie),"Charli XCX, Jax Jones, Joel Corry, Saweetie",2021-08-13
599,Pope Is a Rockstar,SALES,2016-04-20
600,2055,Sleepy hallow,2021-04-14
601,Bored,Billie Eilish,2017-03-30
602,Happier Than Ever - Edit,Billie Eilish,2021-07-28
603,Astronaut In The Ocean,Masked Wolf,2019-01-01
604,Ley Seca,"Anuel Aa, Jhay Cortez",2021-09-02
605,Every Summertime,NIKI,2021-08-10
606,Talking To The Moon,Bruno Mars,2010-10-04
607,you broke me first,Tate McRae,2020-04-17
608,The Nights,Avicii,2014-01-01
609,Take My Breath,The Weeknd,2021-08-06
610,Way 2 Sexy (with Future & Young Thug),"Drake, Future, Young Thug",2021-09-03
611,Curame,Rauw Alejandro,2021-06-25
612,Enemy - from the series Arcane League of Legends,"Imagine Dragons, League of Legends, Arcane",2021-10-27
613,Dance Monkey,Tones and I,2019-05-10
614,Lucid Dreams,Juice WRLD,2017-06-15
615,Que Mas Pues?,"J Balvin, Maria Becerra",2021-01-28
616,All of Me,John Legend,2013-08-01
617,Smells Like Teen Spirit - Remastered 2021,Nirvana,1991-09-10
618,Arcade,Duncan Laurence,2019-03-07
619,Fair Trade (with Travis Scott),"Drake, Travis Scott",2021-09-03
620,Bar,"Tini, L-Gante",2021-11-11
621,The Rumbling (TV Size),SiM,2022-01-10
622,family ties (with Kendrick Lamar),"Kendrick Lamar, Baby Keem",2021-08-27
623,Mr. Brightside,The Killers,2003-09-23
624,Blessed-Cursed,ENHYPEN,2022-01-10
625,AM Remix,"J Balvin, Nio Garcia, Bad Bunny",2021-06-24
626,Streets,Doja Cat,2019-11-07
627,Shallow,"Lady Gaga, Bradley Cooper",2018-09-27
628,Polaroid Love,ENHYPEN,2022-01-10
629,Leave Before You Love Me (with Jonas Brothers),"Marshmello, Jonas Brothers",2021-04-28
630,Permission to Dance,BTS,2021-07-09
631,Friday (feat. Mufasa & Hypeman) - Dopamine Re-Edit,"Riton, Nightcrawlers, Mufasa & Hypeman, Dopamine",2021-01-15
632,RAPSTAR,Polo G,2021-04-09
633,'Till I Collapse,"Eminem, Nate Dogg",2002-05-26
634,Memories,Maroon 5,2019-09-20
635,Se Le Ve,"Dimelo Flow, Dalex, Sech, Justin Quiles, Arcangel, De La Ghetto, Lenny Tavarez",2021-08-12
636,25k jacket (feat. Lil Baby),"Gunna, Lil Baby",2022-01-07
637,When I'm Gone (with Katy Perry),"Katy Perry, Alesso",2021-12-29
638,Esqueca-Me Se For Capaz,"Marilia Mendonca, Maiara & Maraisa",2021-10-14
639,Mienteme,"Tini, Maria Becerra",2021-04-29
640,Subelo,"Anuel AA, Myke Towers, Jhayco",2021-11-18
641,MAMIII,"Karol G, Becky G",2022-02-10
642,Still D.R.E.,"Dr. Dre, Snoop Dogg",1999-01-01
643,Stay Alive (Prod. SUGA of BTS),Jung Kook,2022-02-11
644,Boyfriend,Dove Cameron,2022-02-11
645,The Joker And The Queen (feat. Taylor Swift),"Ed Sheeran, Taylor Swift",2022-02-11
646,The Next Episode,"Dr. Dre, Snoop Dogg",1999-01-01
647,Light Switch,Charlie Puth,2022-01-19
648,City of Gods,"Kanye West, Alicia Keys, Fivio Foreign",2022-02-11
649,Brividi,"Mahmood, Blanco",2022-02-02
650,Lost,Frank Ocean,2012-01-01
651,In Da Club,50 Cent,2002-01-01
652,she's all i wanna be,Tate McRae,2022-02-04
653,Ginseng Strip 2002,Yung Lean,2013-08-16
654,All For Us - from the HBO Original Series Euphoria,"Labrinth, Zendaya",2019-08-04
655,Notion,The Rare Occasions,2016-08-05
656,Formula,Labrinth,2019-10-04
657,Mount Everest,Labrinth,2019-06-21
658,Excuses,"Intense, AP Dhillon, Gurinder Gill",2020-07-24
659,Cigarettes,Juice WRLD,2021-12-10
660,"Cayo La Noche (feat. Cruz Cafune, Abhir Hathi, Bejo, EL IMA) [Remix]","La Pantera, Quevedo, Juseph, Abhir Hathi, Bejo, Cruz Cafune, EL IMA",2022-01-14
661,California Love - Original Version (Explicit),"Dr. Dre, 2Pac, Roger",1995-12-28
662,Forgot About Dre,"Eminem, Dr. Dre",1999-01-01
663,Down Under (feat. Colin Hay),"Luude, Colin Hay",2021-11-19
664,Mujeriego,Ryan Castro,2021-12-17
665,HUMBLE.,Kendrick Lamar,2017-03-30
666,Stan,"Eminem, Dido",1999-11-21
667,Contection,"GODZZ__-, Zakaria",2020-01-16
668,Swim,Chase Atlantic,2017-10-04
669,A Tu Merced,Bad Bunny,2020-02-29
670,Numb Little Bug,Em Beihold,2022-01-28
671,212,"Mainstreet, Chefin",2022-01-15
672,Problemon,"Alvaro Diaz, Rauw Alejandro",2021-10-22
673,Bussin,"Nicki Minaj, Lil Baby",2022-02-11
674,Worst Day,Future,2022-02-11
675,Malvada,Ze Felipe,2022-01-28
676,Hrs and Hrs,Muni Long,2021-11-19
677,Alien Blues,Vundabar,2015-07-24
678,Thinking Out Loud,Ed Sheeran,2014-01-01
679,Still Don't Know My Name,Labrinth,2019-10-04
680,Christmas Tree,V,2021-12-24
681,Mal Feito - Ao Vivo,"Hugo & Guilherme, Marilia Mendonca",2022-01-14
682,When I R.I.P.,Labrinth,2019-10-04
683,Do We Have A Problem?,"Nicki Minaj, Lil Baby",2022-02-04
684,Forever,Labrinth,2019-10-04
685,Gospel (with Eminem),"Eminem, Dr. Dre",2022-02-04
686,Senorita,"Shawn Mendes, Camila Cabello",2019-06-19
687,NEW MAGIC WAND,"Tyler, The Creator",2019-05-16
688,Adore You,Harry Styles,2019-12-06
689,La Santa,"Daddy Yankee, Bad Bunny",2020-02-29
690,Something In The Way - Remastered 2021,Nirvana,1991-09-24
691,Sweetest Pie,"Dua Lipa, Megan Thee Stallion",2022-03-11
692,Bam Bam (feat. Ed Sheeran),"Camila Cabello, Ed Sheeran",2022-03-04
693,Una Noche en Medellin,Cris Mj,2022-01-21
694,Envolver,Anitta,2021-11-11
695,Starlight,Dave,2022-03-03
696,Hati-Hati di Jalan,Tulus,2022-03-03
697,"I'm Tired - From ""Euphoria"" An Original HBO Series",Labrinth,2022-02-04
698,DANCARINA,"Mc Pedrinho, Pedro Sampaio",2022-02-01
699,Yo Voy (feat. Daddy Yankee),Zion & Lennox,2004-05-04
700,"Residente: Bzrp Music Sessions, Vol. 49","Residente, Bizarrap",2022-03-03
701,Jordan,Ryan Castro,2021-04-30
702,Nail Tech,Jack Harlow,2022-02-18
703,Chale,Eden Munoz,2022-02-18
704,DARARI,Treasure,2022-02-15
705,Ya No Somos Ni Seremos,Christian Nodal,2022-02-18
706,Thinking with My Dick,"Kevin Gates, Juicy J",2013-07-16
707,Freaky Deaky,"Tyga, Doja Cat",2022-02-25
708,this is what falling in love feels like,JVKE,2021-09-03
709,La Zona,Bad Bunny,2020-02-29
710,Bohemian Rhapsody - Remastered 2011,Queen,1975-10-31
711,Hope,XXXTENTACION,2018-03-16
712,Levitating,Dua Lipa,2020-03-27
713,Wake Me Up - Radio Edit,Avicii,2013-01-01
714,"jealousy, jealousy",Olivia Rodrigo,2021-05-21
715,Money so big,YEAT,2021-09-10
716,Demasiadas Mujeres,C. Tangana,2020-10-08
717,Something Just Like This,"The Chainsmokers, Coldplay",2017-02-22
718,Closer,"The Chainsmokers, Halsey",2016-05-31
719,O.O,NMIXX,2022-02-22
720,Somebody That I Used To Know,"Gotye, Kimbra",2011-01-01
721,Tom's Diner,"AnnenMayKantereit, Giant Rooks",2019-06-28
722,First Class,Jack Harlow,2022-04-08
723,Plan A,Paulo Londra,2022-03-23
724,Fuera del mercado,Danny Ocean,2022-02-17
725,X ULTIMA VEZ,"Daddy Yankee, Bad Bunny",2022-03-25
726,When You're Gone,Shawn Mendes,2022-03-31
727,In My Head,Lil Tjay,2022-04-01
728,Wait a Minute!,Willow,2015-01-11
729,LOVE DIVE,IVE,2022-04-05
730,Pantysito,"Feid, Alejo, Robi",2022-03-18
731,Chance,Paulo Londra,2022-04-06
732,Cool for the Summer,Demi Lovato,2015-01-01
733,psychofreak (feat. WILLOW),"Camila Cabello, Willow",2022-04-07
734,Angel Baby,Troye Sivan,2021-09-09
735,Vampiro,"Matue, WIU, Teto",2022-01-30
736,Si Quieren Frontear,"De La Ghetto, Duki, Quevedo",2022-03-31
737,Right On,Lil Baby,2022-04-08
738,Me Arrepenti,"Ak4:20, Cris Mj, Pailita",2022-03-30
739,That's Hilarious,Charlie Puth,2022-04-08
740,Soy El Unico,Yahritza Y Su Esencia,2022-03-25
741,RUMBATON,Daddy Yankee,2022-03-25
742,sentaDONA (Remix) s2,"Davi Kneip, Mc Frog, Dj Gabriel de Borel, Luisa Sonza",2022-03-17
743,Falling,Harry Styles,2019-12-13
744,Sigue,"Ed Sheeran, J Balvin",1996-11-24
745,Fim de Semana no Rio,teto,2022-03-30
746,MANIAC,Stray Kids,2022-03-18
747,There's Nothing Holdin' Me Back,Shawn Mendes,2016-09-23
748,IDGAF (with blackbear),"Blackbear, BoyWithUke",2022-03-18
749,Golden,Harry Styles,2019-12-13
750,Get Lucky - Radio Edit,"Pharrell Williams, Nile Rodgers, Daft Punk",2013-01-01
751,Ain't Shit,Doja Cat,2021-06-25
752,"Nobody Like U - From ""Turning Red""","4*TOWN (From Disney and Pixar's Turning Red), Jordan Fisher, Finneas O'Connell, Topher Ngo, Grayson Villanueva, Josh Levi",2022-02-25
753,Still Life,BIGBANG,2022-04-05
754,Photograph,Ed Sheeran,2014-06-20
755,Love Yourself,Justin Bieber,2015-11-09
756,N95,Kendrick Lamar,2022-05-13
757,About Damn Time,Lizzo,2022-04-14
758,Die Hard,"Kendrick Lamar, Blxst, Amanda Reifer",2022-05-13
759,Despues de la Playa,Bad Bunny,2022-05-06
760,Un Ratito,Bad Bunny,2022-05-06
761,United In Grief,Kendrick Lamar,2022-05-13
762,Father Time (feat. Sampha),"Kendrick Lamar, Sampha",2022-05-13
763,Yo No Soy Celoso,Bad Bunny,2022-05-06
764,Rich Spirit,Kendrick Lamar,2022-05-13
765,Cooped Up (with Roddy Ricch),"Post Malone, Roddy Ricch",2022-05-12
766,Me Fui de Vacaciones,Bad Bunny,2022-05-06
767,Silent Hill,"Kendrick Lamar, Kodak Black",2022-05-13
768,La Corriente,"Tony Dize, Bad Bunny",2022-05-06
769,Count Me Out,Kendrick Lamar,2022-05-13
770,Andrea,"Buscabulla, Bad Bunny",2022-05-06
771,Dos Mil 16,Bad Bunny,2022-05-06
772,We Cry Together,"Kendrick Lamar, Taylour Paige",2022-05-13
773,Savior,"Kendrick Lamar, Sam Dew, Baby Keem",2022-05-13
774,Un Coco,Bad Bunny,2022-05-06
775,Otro Atardecer,"Bad Bunny, The Marias",2022-05-06
776,Worldwide Steppers,Kendrick Lamar,2022-05-13
777,Aguacero,Bad Bunny,2022-05-06
778,Purple Hearts,"Kendrick Lamar, Ghostface Killah, Summer Walker",2022-05-13
779,Un Verano Sin Ti,Bad Bunny,2022-05-06
780,ULTRA SOLO,"Polima WestCoast, Pailita",2022-02-14
781,Ensename a Bailar,Bad Bunny,2022-05-06
782,El Apagon,Bad Bunny,2022-05-06
783,Callaita,"Bad Bunny, Tainy",2019-05-31
784,Dua Lipa,Jack Harlow,2022-05-06
785,Agosto,Bad Bunny,2022-05-06
786,House Of Memories,Panic! At The Disco,2016-01-15
787,Mr. Morale,"Kendrick Lamar, Tanna Leone",2022-05-13
788,That That (prod. & feat. SUGA of BTS),"PSY, Suga",2022-04-29
789,In The Stars,Benson Boone,2022-04-29
790,Rich - Interlude,Kendrick Lamar,2022-05-13
791,SUPERMODEL,Maneskin,2022-05-13
792,Stefania (Kalush Orchestra),KALUSH,2022-03-10
793,Thousand Miles,The Kid Laroi,2022-04-22
794,Crown,Kendrick Lamar,2022-05-13
795,Auntie Diaries,Kendrick Lamar,2022-05-13
796,PUFFIN ON ZOOTIEZ,Future,2022-04-29
797,Mirror,Kendrick Lamar,2022-05-13
798,Beautiful Girl,Luciano,2022-04-22
799,"Paulo Londra: Bzrp Music Sessions, Vol. 23","Bizarrap, Paulo Londra",2022-04-25
800,Savior - Interlude,Kendrick Lamar,2022-05-13
801,Pasoori,"Shae Gill, Ali Sethi",2022-02-06
802,Mother I Sober (feat. Beth Gibbons of Portishead),"Kendrick Lamar, Beth Gibbons",2022-05-13
803,TUS LAGRIMAS,"Sech, Mora",2022-04-01
804,Where Did You Go?,"MNEK, Jax Jones",2022-01-26
805,I Tried to Tell Y'all,"Ugly Dray, Tesla Jnr",2022-05-06
806,Honest (feat. Don Toliver),"Justin Bieber, Don Toliver",2022-04-29
807,ZOOM,Jessi,2022-04-13
808,SloMo,Chanel,2021-12-24
809,FEARLESS,LE SSERAFIM,2022-05-02
810,10 Things I Hate About You,Leah Kate,2022-03-23
811,SPACE MAN,Sam Ryder,2022-02-22
812,With you,"HA SUNG WOON, Jimin",2022-04-24
813,Iris,The Goo Goo Dolls,1998-03-31
814,The Heart Part 5,Kendrick Lamar,2022-05-08
815,San Lucas,Kevin Kaarl,2019-11-07
816,This Love (Taylor's Version),Taylor Swift,2022-05-06
817,Good Looking,Suki Waterhouse,2017-10-20
818,Flowers,Lauren Spencer Smith,2021-08-09
819,Yet To Come,BTS,2022-06-10
820,Run BTS,BTS,2022-06-10
821,Music For a Sushi Restaurant,Harry Styles,2022-05-20
822,Matilda,Harry Styles,2022-05-20
823,For Youth,BTS,2022-06-10
824,Daylight,Harry Styles,2022-05-20
825,Vegas (From the Original Motion Picture Soundtrack ELVIS),Doja Cat,2022-05-06
826,Cash In Cash Out,"Pharrell Williams, Tyler, The Creator, 21 Savage",2022-06-10
827,Potion (with Dua Lipa & Young Thug),"Calvin Harris, Dua Lipa, Young Thug",2022-05-27
828,Born Singer,BTS,2022-06-10
829,Little Freak,Harry Styles,2022-05-20
830,La Llevo Al Cielo (Ft. Nengo Flow),"Nengo Flow, Anuel Aa, Chris Jedi, Chencho Corleone",2022-05-20
831,True Love,"Kanye West, XXXTENTACION",2022-05-27
832,Satellite,Harry Styles,2022-05-20
833,Pass The Dutchie,Musical Youth,1982-01-01
834,"Villano Antillano: Bzrp Music Sessions, Vol. 51","Bizarrap, Villano Antillano",2022-06-08
835,Love Of My Life,Harry Styles,2022-05-20
836,Grapejuice,Harry Styles,2022-05-20
837,So Good,Halsey,2022-06-09
838,Belly Dancer,"BYOR, Imanbek",2022-02-18
839,Keep Driving,Harry Styles,2022-05-20
840,Cinema,Harry Styles,2022-05-20
841,Die Young (feat. 347aidan),"Sleepy hallow, 347aidan",2022-05-25
842,Only Love Can Hurt Like This,Paloma Faith,2014-01-01
843,Hold My Hand,Lady Gaga,2022-05-03
844,Daydreaming,Harry Styles,2022-05-20
845,Numb,"Marshmello, Khalid",2022-06-10
846,Nos Comemos (feat. Ozuna),"Ozuna, Tiago pzk",2022-06-02
847,Me and Your Mama,Childish Gambino,2016-11-10
848,Crazy What Love Can Do,"David Guetta, Ella Henderson, Becky Hill",2022-03-18
849,SLOW DANCING IN THE DARK,Joji,2018-09-12
850,Antes de Perderte,Duki,2022-06-02
851,Boyfriends,Harry Styles,2022-05-20
852,295,Sidhu Moose Wala,2021-05-15
853,Tak Ingin Usai,Keisya Levronka,2022-05-13
854,En El Radio Un Cochinero,Victor Cibrian,2022-05-13
855,Master of Puppets (Remastered),Metallica,1986-03-03
856,BREAK MY SOUL,Beyonce,2022-06-21
857,ULTRA SOLO REMIX,"De La Ghetto, Feid, Polima WestCoast, Paloma Mami, Pailita",2022-06-16
858,Massive,Drake,2022-06-17
859,Betty (Get Money),Yung Gravy,2022-06-10
860,Ojos Marrones,Lasso,2022-02-06
861,POP!,Nayeon,2022-06-24
862,Layla,"DJ Robin, Schurze",2022-03-24
863,MORE,j-hope,2022-07-01
864,Sweet Child O' Mine,Guns N' Roses,1987-01-01
865,Last Last,Burna Boy,2022-05-12
866,Sticky,Drake,2022-06-17
867,Hot Shit (feat. Ye & Lil Durk),"Kanye West, Lil Durk, Cardi B",2022-07-01
868,Ai Preto,"L7nnon, DJ Biel do Furduncinho, Bianca",2022-06-03
869,La Loto,"Anitta, Tini, Becky G",2022-07-06
870,die first,Nessa Barrett,2022-06-24
871,Afraid To Feel,LF System,2022-05-02
872,Baile no Morro,"Mc Vitin Da Igrejinha, MC Tairon, DJ Win",2022-06-10
873,como dormiste?,Rels B,2022-08-04
874,Bad Decisions (with BTS & Snoop Dogg),"Snoop Dogg, BTS, Benny Blanco",2022-08-05
875,STAYING ALIVE (feat. Drake & Lil Baby),"Drake, DJ Khaled, Lil Baby",2022-08-05
876,Caile,Luar La L,2020-12-18
877,Si Te La Encuentras Por Ahi,Feid,2022-08-05
878,GIVENCHY,Duki,2022-07-20
879,ALIEN SUPERSTAR,Beyonce,2022-07-29
880,Mary On A Cross,Ghost,2019-09-13
881,Attention,NewJeans,2022-08-01
882,THE SHADE,Rex Orange County,2022-03-11
883,"Come Back Home - From ""Purple Hearts""",Sofia Carson,2022-07-12
884,El Rescate,"Grupo Marca Registrada, Junior H",2022-07-22
885,Heartless,Kanye West,2008-01-01
886,"Stay With Me (with Justin Timberlake, Halsey, & Pharrell)","Calvin Harris, Halsey, Pharrell Williams, Justin Timberlake",2022-07-15
887,Siempre Pendientes,"Peso Pluma, Luis R Conriquez",2022-08-15
888,JGL,"Luis R Conriquez, La Adictiva",2022-02-18
889,Don't You Worry,"David Guetta, Shakira, Black Eyed Peas",2022-06-16
890,Pipoco,"Melody, Ana Castela, Dj Chris No Beat",2022-05-20
891,Hold Me Closer,"Elton John, Britney Spears",2017-11-10
892,Forget Me,Lewis Capaldi,2022-09-09
893,After LIKE,IVE,2022-08-22
894,Bound 2,Kanye West,2013-01-01
895,B.O.T.A. (Baddest Of Them All) - Edit,"Interplanetary Criminal, Eliza Rose",2022-06-15
896,Talk that Talk,TWICE,2022-08-26
897,BILLIE EILISH.,Armani White,2022-01-20
898,Ferxxo 100,Feid,2022-06-03
899,KU LO SA - A COLORS SHOW,Oxlade,2022-06-10
900,Prohibidox,Feid,2022-09-13
901,Static,Steve Lacy,2022-07-15
902,The Scientist,Coldplay,2002-08-05
903,Sparks,Coldplay,2000-07-10
904,Talk,YEAT,2022-09-02
905,XQ Te Pones Asi,"Yandel, Feid",2022-09-13
906,Selfish,PnB Rock,2016-06-23
907,SIN SENAL,"Ovy On The Drums, Quevedo",2022-07-22
908,Lady Mi Amor,Feid,2022-09-13
909,Poland,Lil Yachty,2022-06-23
910,THE LONELIEST,Maneskin,2022-10-07
911,Bye Bye,"Marshmello, Juice WRLD",2022-10-14
912,BABY OTAKU,"Fran C, Polima WestCoast, Nickoog Clk, Pablito Pesadilla",2022-08-18
913,Nxde,(G)I-DLE,2022-10-17
914,Miss You,Southstar,1982-05-16
915,we fell in love in october,girl in red,2018-11-21
916,2 Be Loved (Am I Ready),Lizzo,2022-07-14
917,Celestial,Ed Sheeran,2022-09-29
918,Typa Girl,BLACKPINK,2022-09-16
919,I Really Want to Stay at Your House,"Rosa Walton, Hallie Coggins",2020-12-18
920,California Breeze,Lil Baby,2022-10-14
921,Bamba (feat. Aitch & BIA),"Luciano, Aitch, BIA",2022-09-22
922,Casei Com a Putaria,"MC Ryan SP, Love Funk, Mc Paiva ZS",2022-07-01
923,Major Distribution,"Drake, 21 Savage",2022-11-04
924,Pussy & Millions (feat. Travis Scott),"Drake, Travis Scott, 21 Savage",2022-11-04
925,Vigilante Shit,Taylor Swift,2022-10-21
926,Question...?,Taylor Swift,2022-10-21
927,On BS,"Drake, 21 Savage",2022-11-04
928,Mastermind,Taylor Swift,2022-10-21
929,Circo Loco,"Drake, 21 Savage",2022-11-04
930,Labyrinth,Taylor Swift,2022-10-21
931,Spin Bout U,"Drake, 21 Savage",2022-11-04
932,Sweet Nothing,Taylor Swift,2022-10-21
933,"Would've, Could've, Should've",Taylor Swift,2022-10-21
934,Con La Brisa,"Ludwig Goransson, Foudeqush",2022-11-04
935,Privileged Rappers,"Drake, 21 Savage",2022-11-04
936,The Astronaut,Jin,2022-10-28
937,BackOutsideBoyz,Drake,2022-11-04
938,Broke Boys,"Drake, 21 Savage",2022-11-04
939,The Great War,Taylor Swift,2022-10-21
940,My Mind & Me,Selena Gomez,2022-11-03
941,Bigger Than The Whole Sky,Taylor Swift,2022-10-21
942,A Veces (feat. Feid),"Feid, Paulo Londra",2022-11-03
943,En La De Ella,"Feid, Sech, Jhayco",2022-10-20
944,Alone,Burna Boy,2022-11-04
